App Name,App Id,Platform,Keyword,Store Domain,Store,Note,Last Update,Ranking,Change,Popularity,Difficulty,Apps in Ranking,Tags
Image Tools (research),100,iphone,remove background,au,🇦🇺 Australia,,2026-09-16 20:13:01 +0000,1000,0,33,50,249,
Image Tools (research),100,iphone,background remover,au,🇦🇺 Australia,,2026-09-16 20:13:02 +0000,1000,0,52,55,250,
Image Tools (research),100,iphone,background eraser,au,🇦🇺 Australia,,2026-09-16 20:13:02 +0000,1000,0,32,23,250,
Image Tools (research),100,iphone,remove bg,au,🇦🇺 Australia,,2026-09-16 20:13:03 +0000,1000,0,7,19,247,
Image Tools (research),100,iphone,photo background remover,au,🇦🇺 Australia,,2026-09-16 20:13:03 +0000,1000,0,6,51,249,
Image Tools (research),100,iphone,transparent background,au,🇦🇺 Australia,,2026-09-16 20:13:03 +0000,1000,0,5,39,250,
Image Tools (research),100,iphone,cut out photo,au,🇦🇺 Australia,,2026-09-16 20:13:04 +0000,1000,0,5,41,245,
Image Tools (research),100,iphone,cutout,au,🇦🇺 Australia,,2026-09-16 20:13:04 +0000,1000,0,14,19,247,
Image Tools (research),100,iphone,png maker,au,🇦🇺 Australia,,2026-09-16 20:13:04 +0000,1000,0,7,43,249,
Image Tools (research),100,iphone,white background,au,🇦🇺 Australia,,2026-09-16 20:13:05 +0000,1000,0,6,37,250,
Image Tools (research),100,iphone,change background,au,🇦🇺 Australia,,2026-09-16 20:13:05 +0000,1000,0,13,45,250,
Image Tools (research),100,iphone,remove background from photo,au,🇦🇺 Australia,,2026-09-16 20:13:05 +0000,1000,0,5,23,246,
Image Tools (research),100,iphone,photo enhancer,au,🇦🇺 Australia,,2026-09-16 20:13:06 +0000,1000,0,36,47,239,
Image Tools (research),100,iphone,ai photo enhancer,au,🇦🇺 Australia,,2026-09-16 20:13:06 +0000,1000,0,47,46,247,
Image Tools (research),100,iphone,image upscaler,au,🇦🇺 Australia,,2026-09-16 20:13:07 +0000,1000,0,8,19,250,
Image Tools (research),100,iphone,upscale image,au,🇦🇺 Australia,,2026-09-16 20:13:07 +0000,1000,0,6,39,250,
Image Tools (research),100,iphone,enhance photo quality,au,🇦🇺 Australia,,2026-09-16 20:13:07 +0000,1000,0,9,45,250,
Image Tools (research),100,iphone,hd photo,au,🇦🇺 Australia,,2026-09-16 20:13:08 +0000,1000,0,9,44,230,
Image Tools (research),100,iphone,photo quality enhancer,au,🇦🇺 Australia,,2026-09-16 20:13:08 +0000,1000,0,10,40,248,
Image Tools (research),100,iphone,increase resolution,au,🇦🇺 Australia,,2026-09-16 20:13:08 +0000,1000,0,5,17,242,
Image Tools (research),100,iphone,unblur photo,au,🇦🇺 Australia,,2026-09-16 20:13:09 +0000,1000,0,7,42,248,
Image Tools (research),100,iphone,sharpen photo,au,🇦🇺 Australia,,2026-09-16 20:13:09 +0000,1000,0,5,17,247,
Image Tools (research),100,iphone,fix blurry photo,au,🇦🇺 Australia,,2026-09-16 20:13:10 +0000,1000,0,6,36,249,
Image Tools (research),100,iphone,clear photo,au,🇦🇺 Australia,,2026-09-16 20:13:10 +0000,1000,0,6,23,247,
Image Tools (research),100,iphone,photo enhancer ai,au,🇦🇺 Australia,,2026-09-16 20:13:10 +0000,1000,0,5,42,245,
Image Tools (research),100,iphone,heic to jpg,au,🇦🇺 Australia,,2026-09-16 20:13:10 +0000,1000,0,13,9,249,
Image Tools (research),100,iphone,heic converter,au,🇦🇺 Australia,,2026-09-16 20:13:11 +0000,1000,0,5,5,249,
Image Tools (research),100,iphone,heic to jpeg,au,🇦🇺 Australia,,2026-09-16 20:13:11 +0000,1000,0,12,5,249,
Image Tools (research),100,iphone,image converter,au,🇦🇺 Australia,,2026-09-16 20:13:12 +0000,1000,0,9,13,248,
Image Tools (research),100,iphone,photo converter,au,🇦🇺 Australia,,2026-09-16 20:13:12 +0000,1000,0,5,23,249,
Image Tools (research),100,iphone,convert photo to jpg,au,🇦🇺 Australia,,2026-09-16 20:13:12 +0000,1000,0,5,39,246,
Image Tools (research),100,iphone,png to jpg,au,🇦🇺 Australia,,2026-09-16 20:13:12 +0000,1000,0,5,11,247,
Image Tools (research),100,iphone,jpg to png,au,🇦🇺 Australia,,2026-09-16 20:13:13 +0000,1000,0,5,11,247,
Image Tools (research),100,iphone,webp converter,au,🇦🇺 Australia,,2026-09-16 20:13:13 +0000,1000,0,5,9,246,
Image Tools (research),100,iphone,webp to jpg,au,🇦🇺 Australia,,2026-09-16 20:13:13 +0000,1000,0,5,5,248,
Image Tools (research),100,iphone,photo format converter,au,🇦🇺 Australia,,2026-09-16 20:13:14 +0000,1000,0,5,19,244,
Image Tools (research),100,iphone,convert image format,au,🇦🇺 Australia,,2026-09-16 20:13:14 +0000,1000,0,5,13,247,
Image Tools (research),100,iphone,jpeg converter,au,🇦🇺 Australia,,2026-09-16 20:13:14 +0000,1000,0,9,13,249,
Image Tools (research),100,iphone,photo compressor,au,🇦🇺 Australia,,2026-09-16 20:13:15 +0000,1000,0,23,11,249,
Image Tools (research),100,iphone,compress photo,au,🇦🇺 Australia,,2026-09-16 20:13:15 +0000,1000,0,5,11,250,
Image Tools (research),100,iphone,image compressor,au,🇦🇺 Australia,,2026-09-16 20:13:15 +0000,1000,0,9,9,250,
Image Tools (research),100,iphone,reduce photo size,au,🇦🇺 Australia,,2026-09-16 20:13:16 +0000,1000,0,5,15,249,
Image Tools (research),100,iphone,reduce image size,au,🇦🇺 Australia,,2026-09-16 20:13:16 +0000,1000,0,6,15,248,
Image Tools (research),100,iphone,shrink photo,au,🇦🇺 Australia,,2026-09-16 20:13:17 +0000,1000,0,5,15,244,
Image Tools (research),100,iphone,photo size reducer,au,🇦🇺 Australia,,2026-09-16 20:13:17 +0000,1000,0,12,17,248,
Image Tools (research),100,iphone,compress image,au,🇦🇺 Australia,,2026-09-16 20:13:17 +0000,1000,0,5,13,249,
Image Tools (research),100,iphone,compress jpeg,au,🇦🇺 Australia,,2026-09-16 20:13:18 +0000,1000,0,5,11,250,
Image Tools (research),100,iphone,make photo smaller,au,🇦🇺 Australia,,2026-09-16 20:13:18 +0000,1000,0,5,44,240,
Image Tools (research),100,iphone,compress pictures,au,🇦🇺 Australia,,2026-09-16 20:13:18 +0000,1000,0,5,11,248,
Image Tools (research),100,iphone,resize photo,au,🇦🇺 Australia,,2026-09-16 20:13:19 +0000,1000,0,8,17,247,
Image Tools (research),100,iphone,image resizer,au,🇦🇺 Australia,,2026-09-16 20:13:19 +0000,1000,0,9,21,249,
Image Tools (research),100,iphone,photo resizer,au,🇦🇺 Australia,,2026-09-16 20:13:19 +0000,1000,0,7,17,248,
Image Tools (research),100,iphone,resize image,au,🇦🇺 Australia,,2026-09-16 20:13:20 +0000,1000,0,8,21,249,
Image Tools (research),100,iphone,resize picture,au,🇦🇺 Australia,,2026-09-16 20:13:20 +0000,1000,0,5,11,242,
Image Tools (research),100,iphone,change photo size,au,🇦🇺 Australia,,2026-09-16 20:13:20 +0000,1000,0,5,38,243,
Image Tools (research),100,iphone,photo dimensions,au,🇦🇺 Australia,,2026-09-16 20:13:28 +0000,1000,0,5,23,247,
Image Tools (research),100,iphone,crop and resize,au,🇦🇺 Australia,,2026-09-16 20:13:29 +0000,1000,0,5,9,242,
Image Tools (research),100,iphone,resize for instagram,au,🇦🇺 Australia,,2026-09-16 20:13:29 +0000,1000,0,5,21,247,
Image Tools (research),100,iphone,photo size,au,🇦🇺 Australia,,2026-09-16 20:13:29 +0000,1000,0,5,42,248,
Image Tools (research),100,iphone,image to svg,au,🇦🇺 Australia,,2026-09-16 20:13:30 +0000,1000,0,5,9,247,
Image Tools (research),100,iphone,png to svg,au,🇦🇺 Australia,,2026-09-16 20:13:30 +0000,1000,0,5,9,248,
Image Tools (research),100,iphone,jpg to svg,au,🇦🇺 Australia,,2026-09-16 20:13:30 +0000,1000,0,5,11,247,
Image Tools (research),100,iphone,vectorize image,au,🇦🇺 Australia,,2026-09-16 20:13:31 +0000,1000,0,5,13,248,
Image Tools (research),100,iphone,vector converter,au,🇦🇺 Australia,,2026-09-16 20:13:31 +0000,1000,0,5,21,241,
Image Tools (research),100,iphone,svg converter,au,🇦🇺 Australia,,2026-09-16 20:13:31 +0000,1000,0,6,15,248,
Image Tools (research),100,iphone,image to vector,au,🇦🇺 Australia,,2026-09-16 20:13:32 +0000,1000,0,5,11,240,
Image Tools (research),100,iphone,convert to svg,au,🇦🇺 Australia,,2026-09-16 20:13:32 +0000,1000,0,5,11,245,
Image Tools (research),100,iphone,svg maker,au,🇦🇺 Australia,,2026-09-16 20:13:32 +0000,1000,0,5,21,246,
Image Tools (research),100,iphone,logo to vector,au,🇦🇺 Australia,,2026-09-16 20:13:33 +0000,1000,0,5,17,250,
Image Tools (research),100,iphone,vectorizer,au,🇦🇺 Australia,,2026-09-16 20:13:33 +0000,1000,0,5,17,242,
Image Tools (research),100,iphone,object remover,au,🇦🇺 Australia,,2026-09-16 20:13:33 +0000,1000,0,9,41,246,
Image Tools (research),100,iphone,remove objects from photo,au,🇦🇺 Australia,,2026-09-16 20:13:34 +0000,1000,0,46,40,247,
Image Tools (research),100,iphone,magic eraser,au,🇦🇺 Australia,,2026-09-16 20:13:34 +0000,1000,0,50,19,249,
Image Tools (research),100,iphone,remove people from photo,au,🇦🇺 Australia,,2026-09-16 20:13:34 +0000,1000,0,6,23,247,
Image Tools (research),100,iphone,remove unwanted objects,au,🇦🇺 Australia,,2026-09-16 20:13:35 +0000,1000,0,5,17,242,
Image Tools (research),100,iphone,photo cleanup,au,🇦🇺 Australia,,2026-09-16 20:13:35 +0000,1000,0,5,42,247,
Image Tools (research),100,iphone,erase objects,au,🇦🇺 Australia,,2026-09-16 20:13:35 +0000,1000,0,6,23,248,
Image Tools (research),100,iphone,remove text from photo,au,🇦🇺 Australia,,2026-09-16 20:13:36 +0000,1000,0,5,19,249,
Image Tools (research),100,iphone,object eraser,au,🇦🇺 Australia,,2026-09-16 20:13:36 +0000,1000,0,6,43,249,
Image Tools (research),100,iphone,photo restoration,au,🇦🇺 Australia,,2026-09-16 20:13:36 +0000,1000,0,9,38,247,
Image Tools (research),100,iphone,restore old photos,au,🇦🇺 Australia,,2026-09-16 20:13:37 +0000,1000,0,6,41,249,
Image Tools (research),100,iphone,old photo restoration,au,🇦🇺 Australia,,2026-09-16 20:13:37 +0000,1000,0,17,11,248,
Image Tools (research),100,iphone,repair old photos,au,🇦🇺 Australia,,2026-09-16 20:13:37 +0000,1000,0,5,11,249,
Image Tools (research),100,iphone,colorize photo,au,🇦🇺 Australia,,2026-09-16 20:13:38 +0000,1000,0,5,11,240,
Image Tools (research),100,iphone,colorize black and white,au,🇦🇺 Australia,,2026-09-16 20:13:38 +0000,1000,0,5,7,239,
Image Tools (research),100,iphone,face restoration,au,🇦🇺 Australia,,2026-09-16 20:13:39 +0000,1000,0,5,9,249,
Image Tools (research),100,iphone,fix old photos,au,🇦🇺 Australia,,2026-09-16 20:13:39 +0000,1000,0,7,11,249,
Image Tools (research),100,iphone,passport photo,au,🇦🇺 Australia,,2026-09-16 20:13:39 +0000,1000,0,8,38,247,
Image Tools (research),100,iphone,id photo,au,🇦🇺 Australia,,2026-09-16 20:13:40 +0000,1000,0,9,21,248,
Image Tools (research),100,iphone,passport photo maker,au,🇦🇺 Australia,,2026-09-16 20:13:40 +0000,1000,0,9,19,247,
Image Tools (research),100,iphone,passport photo app,au,🇦🇺 Australia,,2026-09-16 20:13:40 +0000,1000,0,55,43,246,
Image Tools (research),100,iphone,visa photo,au,🇦🇺 Australia,,2026-09-16 20:13:41 +0000,1000,0,6,19,249,
Image Tools (research),100,iphone,id photo maker,au,🇦🇺 Australia,,2026-09-16 20:13:41 +0000,1000,0,5,15,249,
Image Tools (research),100,iphone,passport size photo,au,🇦🇺 Australia,,2026-09-16 20:13:42 +0000,1000,0,6,42,250,
Image Tools (research),100,iphone,photo for documents,au,🇦🇺 Australia,,2026-09-16 20:13:42 +0000,1000,0,5,45,244,
Image Tools (research),100,iphone,photo editor,au,🇦🇺 Australia,,2026-09-16 20:13:43 +0000,1000,0,70,71,245,
Image Tools (research),100,iphone,photo tools,au,🇦🇺 Australia,,2026-09-16 20:13:43 +0000,1000,0,5,39,245,
Image Tools (research),100,iphone,image tools,au,🇦🇺 Australia,,2026-09-16 20:13:43 +0000,1000,0,5,11,245,
Image Tools (research),100,iphone,ai photo editor,au,🇦🇺 Australia,,2026-09-16 20:13:44 +0000,1000,0,61,65,240,
Image Tools (research),100,iphone,picture editor,au,🇦🇺 Australia,,2026-09-16 20:13:44 +0000,1000,0,46,71,234,
Image Tools (research),100,iphone,photo utilities,au,🇦🇺 Australia,,2026-09-16 20:13:45 +0000,1000,0,5,13,246,
Image Tools (research),100,iphone,image size,au,🇦🇺 Australia,,2026-09-16 20:16:44 +0000,1000,0,35,21,248,
Image Tools (research),100,iphone,heic,au,🇦🇺 Australia,,2026-09-16 20:16:44 +0000,1000,0,5,5,249,
Image Tools (research),100,iphone,picture converter,au,🇦🇺 Australia,,2026-09-16 20:16:45 +0000,1000,0,5,19,246,
Image Tools (research),100,iphone,photo cleaner,au,🇦🇺 Australia,,2026-09-16 20:16:45 +0000,1000,0,41,41,249,
Image Tools (research),100,iphone,clean up photo,au,🇦🇺 Australia,,2026-09-16 20:16:46 +0000,1000,0,5,40,246,
Image Tools (research),100,iphone,ai eraser,au,🇦🇺 Australia,,2026-09-16 20:16:46 +0000,1000,0,19,37,249,
Image Tools (research),100,iphone,photo eraser,au,🇦🇺 Australia,,2026-09-16 20:16:47 +0000,1000,0,6,43,250,
Image Tools (research),100,iphone,background changer,au,🇦🇺 Australia,,2026-09-16 20:16:47 +0000,1000,0,9,39,250,
Image Tools (research),100,iphone,blur background,au,🇦🇺 Australia,,2026-09-16 20:16:47 +0000,1000,0,9,17,247,
Image Tools (research),100,iphone,photo restore,au,🇦🇺 Australia,,2026-09-16 20:16:48 +0000,1000,0,9,48,247,
Image Tools (research),100,iphone,photo to pdf,au,🇦🇺 Australia,,2026-09-16 20:30:19 +0000,1000,0,33,43,246,
Image Tools (research),100,iphone,image to pdf,au,🇦🇺 Australia,,2026-09-16 20:30:19 +0000,1000,0,6,17,249,
Image Tools (research),100,iphone,jpg to pdf,au,🇦🇺 Australia,,2026-09-16 20:30:19 +0000,1000,0,9,23,249,
Image Tools (research),100,iphone,pdf to jpg,au,🇦🇺 Australia,,2026-09-16 20:30:20 +0000,1000,0,5,39,249,
Image Tools (research),100,iphone,picture to pdf,au,🇦🇺 Australia,,2026-09-16 20:30:20 +0000,1000,0,11,48,249,
Image Tools (research),100,iphone,convert photo to pdf,au,🇦🇺 Australia,,2026-09-16 20:30:21 +0000,1000,0,5,21,249,
Image Tools (research),100,iphone,photos to pdf,au,🇦🇺 Australia,,2026-09-16 20:30:21 +0000,1000,0,51,17,248,
Image Tools (research),100,iphone,pdf to image,au,🇦🇺 Australia,,2026-09-16 20:30:21 +0000,1000,0,5,17,248,
Image Tools (research),100,iphone,crop photo,au,🇦🇺 Australia,,2026-09-16 20:30:22 +0000,1000,0,6,43,247,
Image Tools (research),100,iphone,photo crop,au,🇦🇺 Australia,,2026-09-16 20:30:23 +0000,1000,0,6,41,248,
Image Tools (research),100,iphone,crop image,au,🇦🇺 Australia,,2026-09-16 20:30:23 +0000,1000,0,5,39,250,
Image Tools (research),100,iphone,circle crop,au,🇦🇺 Australia,,2026-09-16 20:30:23 +0000,1000,0,5,7,244,
Image Tools (research),100,iphone,crop picture,au,🇦🇺 Australia,,2026-09-16 20:30:24 +0000,1000,0,5,49,241,
Image Tools (research),100,iphone,photo cropper,au,🇦🇺 Australia,,2026-09-16 20:30:24 +0000,1000,0,13,41,247,
Image Tools (research),100,iphone,cut photo,au,🇦🇺 Australia,,2026-09-16 20:30:25 +0000,1000,0,5,45,249,
Image Tools (research),100,iphone,rotate photo,au,🇦🇺 Australia,,2026-09-16 20:30:25 +0000,1000,0,5,13,239,
Image Tools (research),100,iphone,flip photo,au,🇦🇺 Australia,,2026-09-16 20:30:26 +0000,1000,0,5,11,248,
Image Tools (research),100,iphone,mirror photo,au,🇦🇺 Australia,,2026-09-16 20:30:26 +0000,1000,0,5,17,242,
Image Tools (research),100,iphone,mirror image,au,🇦🇺 Australia,,2026-09-16 20:30:26 +0000,1000,0,5,19,245,
Image Tools (research),100,iphone,flip image,au,🇦🇺 Australia,,2026-09-16 20:30:27 +0000,1000,0,5,42,239,
Image Tools (research),100,iphone,rotate image,au,🇦🇺 Australia,,2026-09-16 20:30:27 +0000,1000,0,5,21,244,
Image Tools (research),100,iphone,mirror picture,au,🇦🇺 Australia,,2026-09-16 20:30:27 +0000,1000,0,5,17,239,
Image Tools (research),100,iphone,add watermark,au,🇦🇺 Australia,,2026-09-16 20:30:28 +0000,1000,0,6,15,250,
Image Tools (research),100,iphone,watermark photo,au,🇦🇺 Australia,,2026-09-16 20:30:28 +0000,1000,0,5,13,248,
Image Tools (research),100,iphone,watermark maker,au,🇦🇺 Australia,,2026-09-16 20:30:28 +0000,1000,0,9,19,249,
Image Tools (research),100,iphone,watermark app,au,🇦🇺 Australia,,2026-09-16 20:30:29 +0000,1000,0,5,17,248,
Image Tools (research),100,iphone,photo watermark,au,🇦🇺 Australia,,2026-09-16 20:30:29 +0000,1000,0,5,13,242,
Image Tools (research),100,iphone,add logo to photo,au,🇦🇺 Australia,,2026-09-16 20:30:29 +0000,1000,0,5,44,242,
Image Tools (research),100,iphone,copyright photo,au,🇦🇺 Australia,,2026-09-16 20:30:30 +0000,1000,0,5,11,244,
Image Tools (research),100,iphone,exif,au,🇦🇺 Australia,,2026-09-16 20:30:30 +0000,1000,0,5,11,247,
Image Tools (research),100,iphone,exif viewer,au,🇦🇺 Australia,,2026-09-16 20:30:30 +0000,1000,0,6,9,248,
Image Tools (research),100,iphone,photo metadata,au,🇦🇺 Australia,,2026-09-16 20:30:31 +0000,1000,0,5,11,247,
Image Tools (research),100,iphone,remove metadata,au,🇦🇺 Australia,,2026-09-16 20:30:31 +0000,1000,0,5,9,245,
Image Tools (research),100,iphone,exif editor,au,🇦🇺 Australia,,2026-09-16 20:30:31 +0000,1000,0,5,11,247,
Image Tools (research),100,iphone,photo location,au,🇦🇺 Australia,,2026-09-16 20:30:32 +0000,1000,0,5,13,249,
Image Tools (research),100,iphone,metadata remover,au,🇦🇺 Australia,,2026-09-16 20:30:32 +0000,1000,0,8,9,249,
Image Tools (research),100,iphone,photo info,au,🇦🇺 Australia,,2026-09-16 20:30:33 +0000,1000,0,5,33,242,
Image Tools (research),100,iphone,blur photo,au,🇦🇺 Australia,,2026-09-16 20:30:33 +0000,1000,0,6,21,248,
Image Tools (research),100,iphone,blur face,au,🇦🇺 Australia,,2026-09-16 20:30:33 +0000,1000,0,32,19,247,
Image Tools (research),100,iphone,pixelate,au,🇦🇺 Australia,,2026-09-16 20:30:34 +0000,1000,0,8,15,250,
Image Tools (research),100,iphone,censor photo,au,🇦🇺 Australia,,2026-09-16 20:30:34 +0000,1000,0,5,13,236,
Image Tools (research),100,iphone,blur part of photo,au,🇦🇺 Australia,,2026-09-16 20:30:34 +0000,1000,0,5,23,243,
Image Tools (research),100,iphone,hide face,au,🇦🇺 Australia,,2026-09-16 20:30:35 +0000,1000,0,5,7,246,
Image Tools (research),100,iphone,blur image,au,🇦🇺 Australia,,2026-09-16 20:30:35 +0000,1000,0,6,13,248,
Image Tools (research),100,iphone,print size,au,🇦🇺 Australia,,2026-09-16 20:30:35 +0000,1000,0,5,19,250,
Image Tools (research),100,iphone,photo print size,au,🇦🇺 Australia,,2026-09-16 20:30:36 +0000,1000,0,5,38,243,
Image Tools (research),100,iphone,dpi,au,🇦🇺 Australia,,2026-09-16 20:30:36 +0000,1000,0,5,7,228,
Image Tools (research),100,iphone,change dpi,au,🇦🇺 Australia,,2026-09-16 20:30:37 +0000,1000,0,5,15,249,
Image Tools (research),100,iphone,4x6 photo,au,🇦🇺 Australia,,2026-09-16 20:30:37 +0000,1000,0,5,42,239,
Image Tools (research),100,iphone,resize for print,au,🇦🇺 Australia,,2026-09-16 20:30:37 +0000,1000,0,5,17,248,
Image Tools (research),100,iphone,dpi changer,au,🇦🇺 Australia,,2026-09-16 20:30:38 +0000,1000,0,5,11,241,
Image Tools (research),100,iphone,photo to print,au,🇦🇺 Australia,,2026-09-16 20:30:38 +0000,1000,0,5,43,247,
Image Tools (research),100,iphone,no crop,au,🇦🇺 Australia,,2026-09-16 20:30:38 +0000,1000,0,8,15,246,
Image Tools (research),100,iphone,square fit,au,🇦🇺 Australia,,2026-09-16 20:30:39 +0000,1000,0,9,15,236,
Image Tools (research),100,iphone,square photo,au,🇦🇺 Australia,,2026-09-16 20:30:39 +0000,1000,0,9,23,247,
Image Tools (research),100,iphone,white border,au,🇦🇺 Australia,,2026-09-16 20:30:47 +0000,1000,0,8,9,106,
Image Tools (research),100,iphone,photo border,au,🇦🇺 Australia,,2026-09-16 20:30:48 +0000,1000,0,9,40,247,
Image Tools (research),100,iphone,fit photo,au,🇦🇺 Australia,,2026-09-16 20:30:48 +0000,1000,0,5,21,244,
Image Tools (research),100,iphone,instagram no crop,au,🇦🇺 Australia,,2026-09-16 20:30:48 +0000,1000,0,5,19,239,
Image Tools (research),100,iphone,blur border,au,🇦🇺 Australia,,2026-09-16 20:30:49 +0000,1000,0,5,19,239,
Image Tools (research),100,iphone,combine photos,au,🇦🇺 Australia,,2026-09-16 20:30:49 +0000,1000,0,7,47,248,
Image Tools (research),100,iphone,merge photos,au,🇦🇺 Australia,,2026-09-16 20:30:50 +0000,1000,0,9,37,249,
Image Tools (research),100,iphone,stitch photos,au,🇦🇺 Australia,,2026-09-16 20:30:50 +0000,1000,0,5,36,247,
Image Tools (research),100,iphone,long screenshot,au,🇦🇺 Australia,,2026-09-16 20:30:51 +0000,1000,0,5,9,250,
Image Tools (research),100,iphone,screenshot stitch,au,🇦🇺 Australia,,2026-09-16 20:30:51 +0000,1000,0,5,11,250,
Image Tools (research),100,iphone,photo stitch,au,🇦🇺 Australia,,2026-09-16 20:30:52 +0000,1000,0,5,47,245,
Image Tools (research),100,iphone,join photos,au,🇦🇺 Australia,,2026-09-16 20:30:52 +0000,1000,0,5,38,250,
Image Tools (research),100,iphone,screenshot editor,au,🇦🇺 Australia,,2026-09-16 20:30:52 +0000,1000,0,5,17,248,
Image Tools (research),100,iphone,batch resize,au,🇦🇺 Australia,,2026-09-16 20:30:53 +0000,1000,0,14,11,248,
Image Tools (research),100,iphone,bulk resize,au,🇦🇺 Australia,,2026-09-16 20:30:53 +0000,1000,0,5,5,243,
Image Tools (research),100,iphone,batch compress,au,🇦🇺 Australia,,2026-09-16 20:30:53 +0000,1000,0,5,15,250,
Image Tools (research),100,iphone,bulk photo resizer,au,🇦🇺 Australia,,2026-09-16 20:30:54 +0000,1000,0,5,11,247,
Image Tools (research),100,iphone,batch convert,au,🇦🇺 Australia,,2026-09-16 20:30:54 +0000,1000,0,5,7,250,
Image Tools (research),100,iphone,resize multiple photos,au,🇦🇺 Australia,,2026-09-16 20:30:54 +0000,1000,0,5,11,247,
Image Tools (research),100,iphone,gif maker,au,🇦🇺 Australia,,2026-09-16 20:30:55 +0000,1000,0,36,46,249,
Image Tools (research),100,iphone,video to gif,au,🇦🇺 Australia,,2026-09-16 20:30:55 +0000,1000,0,9,40,248,
Image Tools (research),100,iphone,live photo to gif,au,🇦🇺 Australia,,2026-09-16 20:30:55 +0000,1000,0,5,13,234,
Image Tools (research),100,iphone,live photo to video,au,🇦🇺 Australia,,2026-09-16 20:30:56 +0000,1000,0,5,11,249,
Image Tools (research),100,iphone,photo to gif,au,🇦🇺 Australia,,2026-09-16 20:30:56 +0000,1000,0,5,21,241,
Image Tools (research),100,iphone,gif converter,au,🇦🇺 Australia,,2026-09-16 20:30:57 +0000,1000,0,5,39,250,
Image Tools (research),100,iphone,gif to video,au,🇦🇺 Australia,,2026-09-16 20:30:57 +0000,1000,0,6,19,245,
Image Tools (research),100,iphone,resize photo to 20kb,au,🇦🇺 Australia,,2026-09-16 20:30:57 +0000,1000,0,5,11,249,
Image Tools (research),100,iphone,photo size kb,au,🇦🇺 Australia,,2026-09-16 20:30:58 +0000,1000,0,5,23,247,
Image Tools (research),100,iphone,compress photo to 100kb,au,🇦🇺 Australia,,2026-09-16 20:30:58 +0000,1000,0,5,11,249,
Image Tools (research),100,iphone,reduce photo size kb,au,🇦🇺 Australia,,2026-09-16 20:30:59 +0000,1000,0,5,17,247,
Image Tools (research),100,iphone,photo kb reducer,au,🇦🇺 Australia,,2026-09-16 20:30:59 +0000,1000,0,5,15,249,
Image Tools (research),100,iphone,photo size converter,au,🇦🇺 Australia,,2026-09-16 20:30:59 +0000,1000,0,5,19,244,
Image Tools (research),100,iphone,image to text,au,🇦🇺 Australia,,2026-09-16 20:30:59 +0000,1000,0,9,9,250,
Image Tools (research),100,iphone,photo to text,au,🇦🇺 Australia,,2026-09-16 20:31:00 +0000,1000,0,7,19,249,
Image Tools (research),100,iphone,ocr scanner,au,🇦🇺 Australia,,2026-09-16 20:31:00 +0000,1000,0,6,49,245,
Image Tools (research),100,iphone,extract text from image,au,🇦🇺 Australia,,2026-09-16 20:31:01 +0000,1000,0,5,9,247,
Image Tools (research),100,iphone,text scanner,au,🇦🇺 Australia,,2026-09-16 20:31:01 +0000,1000,0,7,39,249,
Image Tools (research),100,iphone,copy text from photo,au,🇦🇺 Australia,,2026-09-16 20:31:01 +0000,1000,0,5,19,244,
Image Tools (research),100,iphone,timestamp camera,au,🇦🇺 Australia,,2026-09-16 20:31:02 +0000,1000,0,61,23,248,
Image Tools (research),100,iphone,date stamp photo,au,🇦🇺 Australia,,2026-09-16 20:31:02 +0000,1000,0,5,17,245,
Image Tools (research),100,iphone,add date to photo,au,🇦🇺 Australia,,2026-09-16 20:31:03 +0000,1000,0,5,67,240,
Image Tools (research),100,iphone,timestamp photo,au,🇦🇺 Australia,,2026-09-16 20:31:03 +0000,1000,0,5,37,249,
Image Tools (research),100,iphone,photo date stamp,au,🇦🇺 Australia,,2026-09-16 20:31:03 +0000,1000,0,5,17,248,
Image Tools (research),100,iphone,webp to png,au,🇦🇺 Australia,,2026-09-16 20:31:04 +0000,1000,0,5,15,249,
Image Tools (research),100,iphone,tiff to jpg,au,🇦🇺 Australia,,2026-09-16 20:31:04 +0000,1000,0,5,11,248,
Image Tools (research),100,iphone,raw to jpg,au,🇦🇺 Australia,,2026-09-16 20:31:04 +0000,1000,0,5,19,247,
Image Tools (research),100,iphone,dng to jpg,au,🇦🇺 Australia,,2026-09-16 20:31:05 +0000,1000,0,5,15,247,
Image Tools (research),100,iphone,bmp to jpg,au,🇦🇺 Australia,,2026-09-16 20:31:05 +0000,1000,0,5,13,247,
Image Tools (research),100,iphone,avif converter,au,🇦🇺 Australia,,2026-09-16 20:31:05 +0000,1000,0,5,7,248,
Image Tools (research),100,iphone,jfif to jpg,au,🇦🇺 Australia,,2026-09-16 20:31:06 +0000,1000,0,5,21,248,
Image Tools (research),100,iphone,png converter,au,🇦🇺 Australia,,2026-09-16 20:31:06 +0000,1000,0,7,19,248,
Image Tools (research),100,iphone,jpg converter,au,🇦🇺 Australia,,2026-09-16 20:31:07 +0000,1000,0,9,11,248,
Image Tools (research),100,iphone,duplicate photos,au,🇦🇺 Australia,,2026-09-16 20:31:07 +0000,1000,0,5,38,249,
Image Tools (research),100,iphone,free up space,au,🇦🇺 Australia,,2026-09-16 20:31:08 +0000,1000,0,5,23,250,
Image Tools (research),100,iphone,clean photos,au,🇦🇺 Australia,,2026-09-16 20:31:08 +0000,1000,0,13,41,250,
Image Tools (research),100,iphone,duplicate photo remover,au,🇦🇺 Australia,,2026-09-16 20:31:10 +0000,1000,0,5,15,247,
Image Tools (research),100,iphone,photo storage cleaner,au,🇦🇺 Australia,,2026-09-16 20:31:10 +0000,1000,0,7,17,249,
Image Tools (research),100,iphone,similar photos,au,🇦🇺 Australia,,2026-09-16 20:31:11 +0000,1000,0,5,15,245,
Image Tools (research),100,iphone,pdf converter,au,🇦🇺 Australia,,2026-09-26 08:58:29 +0000,1000,0,59,53,247,
Image Tools (research),100,iphone,scan to pdf,au,🇦🇺 Australia,,2026-09-26 08:58:30 +0000,1000,0,6,48,249,
Image Tools (research),100,iphone,blur,au,🇦🇺 Australia,,2026-09-26 08:58:31 +0000,1000,0,53,42,248,
Image Tools (research),100,iphone,photo app,au,🇦🇺 Australia,,2026-09-26 08:58:31 +0000,1000,0,45,67,247,
Image Tools (research),100,iphone,pdf maker,au,🇦🇺 Australia,,2026-09-26 08:58:32 +0000,1000,0,49,50,246,
Image Tools (research),100,iphone,heic to jpg converter,au,🇦🇺 Australia,,2026-09-26 08:58:33 +0000,1000,0,19,7,249,
Image Tools (research),100,iphone,resize,au,🇦🇺 Australia,,2026-09-26 08:58:33 +0000,1000,0,22,21,249,
Image Tools (research),100,iphone,picture resizer,au,🇦🇺 Australia,,2026-09-26 08:58:33 +0000,1000,0,5,11,238,
Image Tools (research),100,iphone,convert heic to jpg,au,🇦🇺 Australia,,2026-09-26 08:58:34 +0000,1000,0,5,9,248,
Image Tools (research),100,iphone,pictures to pdf,au,🇦🇺 Australia,,2026-09-26 08:58:34 +0000,1000,0,5,21,249,
Image Tools (research),100,iphone,convert image to pdf,au,🇦🇺 Australia,,2026-09-26 08:58:35 +0000,1000,0,5,17,250,
Image Tools (research),100,iphone,converter,au,🇦🇺 Australia,,2026-09-26 08:58:36 +0000,1000,0,52,48,249,
Image Tools (research),100,iphone,photo pdf,au,🇦🇺 Australia,,2026-09-26 08:58:36 +0000,1000,0,26,46,249,
Image Tools (research),100,iphone,compressor,au,🇦🇺 Australia,,2026-09-26 08:59:24 +0000,1000,0,13,21,249,
Image Tools (research),100,iphone,compress,au,🇦🇺 Australia,,2026-09-26 08:59:24 +0000,1000,0,9,23,249,
Image Tools (research),100,iphone,image editor,au,🇦🇺 Australia,,2026-09-26 08:59:25 +0000,1000,0,8,63,248,
Image Tools (research),100,iphone,crop,au,🇦🇺 Australia,,2026-09-26 08:59:25 +0000,1000,0,6,47,249,
Image Tools (research),100,iphone,jpg to pdf converter,au,🇦🇺 Australia,,2026-09-26 08:59:26 +0000,1000,0,8,15,250,
Image Tools (research),100,iphone,blur tool,au,🇦🇺 Australia,,2026-09-26 08:59:26 +0000,1000,0,5,19,247,
Image Tools (research),100,iphone,image app,au,🇦🇺 Australia,,2026-09-26 08:59:27 +0000,1000,0,33,23,249,
Image Tools (research),100,iphone,photo to pdf converter,au,🇦🇺 Australia,,2026-09-26 08:59:28 +0000,1000,0,9,13,248,
Image Tools (research),100,iphone,compress jpeg file size,au,🇦🇺 Australia,,2026-09-26 09:00:01 +0000,1000,0,5,11,250,
Image Tools (research),100,iphone,shrink image,au,🇦🇺 Australia,,2026-09-26 09:00:02 +0000,1000,0,5,11,246,
Image Tools (research),100,iphone,photo size reducer app,au,🇦🇺 Australia,,2026-09-26 09:00:04 +0000,1000,0,5,17,248,
Image Tools (research),100,iphone,image optimizer,au,🇦🇺 Australia,,2026-09-26 09:00:04 +0000,1000,0,5,9,247,
Image Tools (research),100,iphone,format converter,au,🇦🇺 Australia,,2026-09-26 09:00:05 +0000,1000,0,5,11,247,
Image Tools (research),100,iphone,resize photo to size,au,🇦🇺 Australia,,2026-09-26 09:00:06 +0000,1000,0,5,11,243,
Image Tools (research),100,iphone,reduce size,au,🇦🇺 Australia,,2026-09-26 09:00:07 +0000,1000,0,5,17,243,
Image Tools (research),100,iphone,reduce photo size for upload,au,🇦🇺 Australia,,2026-09-26 09:00:08 +0000,1000,0,5,13,242,
Image Tools (research),100,iphone,change photo size in kb,au,🇦🇺 Australia,,2026-09-26 09:00:09 +0000,1000,0,5,13,242,
Image Tools (research),100,iphone,resize image to exact size,au,🇦🇺 Australia,,2026-09-26 09:00:10 +0000,1000,0,5,9,246,
Image Tools (research),100,iphone,compress photos for email,au,🇦🇺 Australia,,2026-09-26 09:00:11 +0000,1000,0,5,11,249,
Image Tools (research),100,iphone,resize picture for instagram,au,🇦🇺 Australia,,2026-09-26 09:00:12 +0000,1000,0,5,17,228,
Image Tools (research),100,iphone,resize image without losing quality,au,🇦🇺 Australia,,2026-09-26 09:00:13 +0000,1000,0,5,9,246,
Image Tools (research),100,iphone,reduce image file size,au,🇦🇺 Australia,,2026-09-26 09:00:14 +0000,1000,0,5,11,249,
Image Tools (research),100,iphone,make image file smaller,au,🇦🇺 Australia,,2026-09-26 09:00:15 +0000,1000,0,5,15,250,
Image Tools (research),100,iphone,convert image,au,🇦🇺 Australia,,2026-09-26 09:00:15 +0000,1000,0,5,13,246,
Image Tools (research),100,iphone,compress picture,au,🇦🇺 Australia,,2026-09-26 09:00:16 +0000,1000,0,5,11,249,
Image Tools (research),100,iphone,image dimensions,au,🇦🇺 Australia,,2026-09-26 09:00:17 +0000,1000,0,5,21,248,
Image Tools (research),100,iphone,compress photo without losing quality,au,🇦🇺 Australia,,2026-09-26 09:00:17 +0000,1000,0,5,15,248,
Image Tools (research),100,iphone,convert photo to png,au,🇦🇺 Australia,,2026-09-26 09:00:18 +0000,1000,0,5,21,244,
Image Tools (research),100,iphone,picture size,au,🇦🇺 Australia,,2026-09-26 09:00:19 +0000,1000,0,5,21,241,
Image Tools (research),100,iphone,photos into one pdf,au,🇦🇺 Australia,,2026-09-26 09:00:47 +0000,1000,0,5,21,248,
Image Tools (research),100,iphone,photo utility,au,🇦🇺 Australia,,2026-09-26 09:00:48 +0000,1000,0,5,9,243,
Image Tools (research),100,iphone,batch resize images,au,🇦🇺 Australia,,2026-09-26 09:00:49 +0000,1000,0,5,9,247,
Image Tools (research),100,iphone,bulk image resizer,au,🇦🇺 Australia,,2026-09-26 09:00:50 +0000,1000,0,5,9,248,
Image Tools (research),100,iphone,hide personal information in photo,au,🇦🇺 Australia,,2026-09-26 09:00:50 +0000,1000,0,5,13,235,
Image Tools (research),100,iphone,fit photo to instagram,au,🇦🇺 Australia,,2026-09-26 09:00:51 +0000,1000,0,5,45,212,
Image Tools (research),100,iphone,crop pic,au,🇦🇺 Australia,,2026-09-26 09:00:52 +0000,1000,0,5,38,243,
Image Tools (research),100,iphone,blur license plate,au,🇦🇺 Australia,,2026-09-26 09:00:52 +0000,1000,0,5,9,244,
Image Tools (research),100,iphone,png to jpg converter,au,🇦🇺 Australia,,2026-09-26 09:00:53 +0000,1000,0,5,13,250,
Image Tools (research),100,iphone,pixelate face in picture,au,🇦🇺 Australia,,2026-09-26 09:00:54 +0000,1000,0,5,15,240,
Image Tools (research),100,iphone,image cropper,au,🇦🇺 Australia,,2026-09-26 09:00:54 +0000,1000,0,5,17,242,
Image Tools (research),100,iphone,combine photos into pdf,au,🇦🇺 Australia,,2026-09-26 09:00:55 +0000,1000,0,5,17,247,
Image Tools (research),100,iphone,image format,au,🇦🇺 Australia,,2026-09-26 09:00:56 +0000,1000,0,5,15,246,
Image Tools (research),100,iphone,all in one photo tools,au,🇦🇺 Australia,,2026-09-26 09:00:57 +0000,1000,0,5,51,242,
Image Tools (research),100,iphone,crop image to size,au,🇦🇺 Australia,,2026-09-26 09:00:57 +0000,1000,0,5,9,243,
Image Tools (research),100,iphone,blur face in photo,au,🇦🇺 Australia,,2026-09-26 09:00:58 +0000,1000,0,5,15,245,
Image Tools (research),100,iphone,set dpi for printing,au,🇦🇺 Australia,,2026-09-26 09:00:59 +0000,1000,0,5,23,250,
Image Tools (research),100,iphone,crop picture to shape,au,🇦🇺 Australia,,2026-09-26 09:00:59 +0000,1000,0,5,7,241,
Image Tools (research),100,iphone,300 dpi photo for print,au,🇦🇺 Australia,,2026-09-26 09:01:01 +0000,1000,0,5,21,245,
Image Tools (research),100,iphone,blur picture,au,🇦🇺 Australia,,2026-09-26 09:01:02 +0000,1000,0,5,19,246,
Image Tools (research),100,iphone,resize without cropping,au,🇦🇺 Australia,,2026-09-26 09:01:03 +0000,1000,0,5,9,243,
Image Tools (research),100,iphone,image dpi,au,🇦🇺 Australia,,2026-09-26 09:01:04 +0000,1000,0,5,5,250,
Image Tools (research),100,iphone,image format converter app,au,🇦🇺 Australia,,2026-09-26 09:01:05 +0000,1000,0,5,11,246,
Image Tools (research),100,iphone,crop photo to square,au,🇦🇺 Australia,,2026-09-26 09:01:06 +0000,1000,0,5,13,231,
Image Tools (research),100,iphone,convert photo,au,🇦🇺 Australia,,2026-09-26 09:01:06 +0000,1000,0,5,38,247,
Image Tools (research),100,iphone,simple photo editor app,au,🇦🇺 Australia,,2026-09-26 09:01:07 +0000,1000,0,5,53,241,
Image Tools (research),100,iphone,photo editing tools app,au,🇦🇺 Australia,,2026-09-26 09:01:08 +0000,1000,0,5,55,242,
Image Tools (research),100,iphone,resize photos in bulk,au,🇦🇺 Australia,,2026-09-26 09:01:09 +0000,1000,0,5,11,244,
Image Tools (research),100,iphone,aspect ratio,au,🇦🇺 Australia,,2026-09-26 09:01:10 +0000,1000,0,5,11,246,
Image Tools (research),100,iphone,add white border to photo,au,🇦🇺 Australia,,2026-09-26 09:01:11 +0000,1000,0,5,15,245,
Image Tools (research),100,iphone,jpg to png converter,au,🇦🇺 Australia,,2026-09-26 09:01:11 +0000,1000,0,5,11,245,
Image Tools (research),100,iphone,change dpi of image,au,🇦🇺 Australia,,2026-09-26 09:01:12 +0000,1000,0,5,9,249,
Image Tools (research),100,iphone,photo dpi,au,🇦🇺 Australia,,2026-09-26 09:01:13 +0000,1000,0,5,7,247,
Image Tools (research),100,iphone,censor text in photo,au,🇦🇺 Australia,,2026-09-26 09:01:13 +0000,1000,0,5,11,244,
Image Tools (research),100,iphone,convert iphone photos to jpg,au,🇦🇺 Australia,,2026-09-26 09:01:14 +0000,1000,0,5,21,246,
Image Tools (research),100,iphone,multiple photos to pdf,au,🇦🇺 Australia,,2026-09-26 09:01:15 +0000,1000,0,5,17,249,
